{
    "row_count": 198608,
    "fraud_count": 366,
    "fraud_percentage": 0.18428260694433254,
    "feature_stats": {
        "Time": {
            "mean": 70446.2796564086,
            "std": 34498.937759011074,
            "min": 0.0,
            "max": 132906.0
        },
        "Amount": {
            "mean": 3.1777220062598053,
            "std": 1.6582940376835102,
            "min": 0.0,
            "max": 9.88621574999957
        },
        "V1": {
            "mean": -0.09925248547454342,
            "std": 1.8780066209046589,
            "min": -56.407509631329,
            "max": 2.45492999121121
        },
        "V2": {
            "mean": -0.00048249458170709117,
            "std": 1.6159143733011958,
            "min": -72.7157275629303,
            "max": 22.0577289904909
        },
        "V3": {
            "mean": 0.323226002726522,
            "std": 1.4365288282153836,
            "min": -33.6809840183525,
            "max": 9.38255843282114
        },
        "V4": {
            "mean": 0.07295374243694247,
            "std": 1.3975706865726074,
            "min": -5.68317119816995,
            "max": 16.8753440335975
        },
        "V5": {
            "mean": -0.10992268600261929,
            "std": 1.3574587318084692,
            "min": -42.1478983728015,
            "max": 34.8016658766686
        },
        "V6": {
            "mean": 0.04507634058630263,
            "std": 1.3111408179135908,
            "min": -26.1605059358433,
            "max": 22.5292984665587
        },
        "V7": {
            "mean": -0.0485271282007773,
            "std": 1.2046688493958597,
            "min": -43.5572415712451,
            "max": 36.6772679454031
        },
        "V8": {
            "mean": 0.016819898806952786,
            "std": 1.1896308335203545,
            "min": -73.2167184552674,
            "max": 20.0072083651213
        },
        "V9": {
            "mean": 0.0068778808053843645,
            "std": 1.1317380718897314,
            "min": -13.4340663182301,
            "max": 15.5949946071278
        },
        "V10": {
            "mean": -0.012365934132794574,
            "std": 1.0768810408826883,
            "min": -24.5882624372475,
            "max": 23.7451361206545
        },
        "V11": {
            "mean": 0.12622424121071232,
            "std": 1.038713224012089,
            "min": -4.79747346479757,
            "max": 12.0189131816199
        },
        "V12": {
            "mean": -0.07068245847408397,
            "std": 1.0883567761259967,
            "min": -18.6837146333443,
            "max": 7.8483920756446
        },
        "V13": {
            "mean": 0.03786273302162532,
            "std": 1.032057159177519,
            "min": -5.79188120632084,
            "max": 4.56900895856606
        },
        "V14": {
            "mean": 0.051642078849873936,
            "std": 0.9636897720085215,
            "min": -19.2143254902614,
            "max": 10.5267660517847
        },
        "V15": {
            "mean": 0.0855969101366673,
            "std": 0.9442151787088875,
            "min": -4.49894467676621,
            "max": 5.78451388962946
        },
        "V16": {
            "mean": -0.004324860724394,
            "std": 0.8822195701411536,
            "min": -14.1298545174931,
            "max": 6.0985294505409
        },
        "V17": {
            "mean": 0.027091569930883096,
            "std": 0.8816248912334416,
            "min": -25.1627993693248,
            "max": 9.25352625047285
        },
        "V18": {
            "mean": -0.03438282528426791,
            "std": 0.8385008681783764,
            "min": -9.49874592104677,
            "max": 5.04106918541184
        },
        "V19": {
            "mean": -0.01371420771325435,
            "std": 0.8183766300045727,
            "min": -7.21352743017759,
            "max": 5.59197142733558
        },
        "V20": {
            "mean": 0.02009645871284635,
            "std": 0.7479380915082102,
            "min": -25.2223452405297,
            "max": 39.4209042482199
        },
        "V21": {
            "mean": -0.015254094699971457,
            "std": 0.7230460183630174,
            "min": -34.8303821448146,
            "max": 27.2028391573154
        },
        "V22": {
            "mean": -0.04786127303533075,
            "std": 0.6898615272660387,
            "min": -10.933143697655,
            "max": 10.5030900899454
        },
        "V23": {
            "mean": -0.01543165267033049,
            "std": 0.6094619505605335,
            "min": -44.8077352037913,
            "max": 19.0029418232927
        },
        "V24": {
            "mean": 0.004478844056765954,
            "std": 0.603510775901935,
            "min": -2.83662691870341,
            "max": 4.02286589044732
        },
        "V25": {
            "mean": 0.060616602702090454,
            "std": 0.4913225341821336,
            "min": -10.2953970749851,
            "max": 7.51958867870916
        },
        "V26": {
            "mean": 0.006462330012331657,
            "std": 0.48845496580598413,
            "min": -2.60455055280817,
            "max": 3.5173456116238
        },
        "V27": {
            "mean": 0.0034462364988444615,
            "std": 0.3856442711598,
            "min": -22.5656793207827,
            "max": 12.1524011068287
        },
        "V28": {
            "mean": 0.0024930881535260418,
            "std": 0.3110923792891278,
            "min": -11.7108956394515,
            "max": 33.8478078188831
        }
    }
}