{
  "n_samples": 198242,
  "mean": 0.40990179776747004,
  "std": 0.2907226928127988,
  "min": 0.0662282183766365,
  "max": 12.811050415039062,
  "p95": 0.8080356419086455,
  "p97": 0.9789485096931454,
  "p99": 1.545557287931442,
  "p995": 1.9557291007042006
}