{
  "epoch": [
    1,
    2,
    3,
    4,
    5,
    6,
    7,
    8,
    9,
    10,
    11,
    12,
    13,
    14,
    15,
    16,
    17
  ],
  "train_recon_mae": [
    0.6166258021507981,
    0.5032895203685851,
    0.457143465979365,
    0.4354495130755723,
    0.4264137714334844,
    0.4213798430976668,
    0.4180444869081838,
    0.4165683903555582,
    0.4152710814656581,
    0.4142062405278755,
    0.4133708813312266,
    0.4126507170560233,
    0.4121043264987344,
    0.4115075214993279,
    0.41106928553243144,
    0.4105472234063799,
    0.41012820821671153
  ],
  "val_recon_mae": [
    0.5867354962903354,
    0.5063731549383739,
    0.47416947757042516,
    0.4664786414892772,
    0.4687967087031448,
    0.4668322007319474,
    0.46584597489464896,
    0.46570063890480895,
    0.46395435103937516,
    0.4625168975750379,
    0.46287450783000794,
    0.4608577531446999,
    0.46198072613647306,
    0.45843963626636924,
    0.4587741560384341,
    0.4604249859132186,
    0.4600126891462303
  ]
}