{
  "pr_auc": 0.7667949763286154,
  "roc_auc": 0.9848314450530764,
  "precision@0.5": 0.11333333333333333,
  "recall@0.5": 0.9272727272727272,
  "f1@0.5": 0.201980198019802,
  "tp": 51,
  "tn": 42104,
  "fp": 399,
  "fn": 4,
  "specificity@0.5": 0.9906124273580689,
  "best_val_pr_auc": 0.8565223334178199
}