{
  "epoch": [
    1,
    2,
    3,
    4,
    5,
    6,
    7,
    8,
    9,
    10,
    11,
    12
  ],
  "train_loss": [
    0.6450840908351859,
    0.41265663146146747,
    0.34110949375080485,
    0.3009555516231073,
    0.2646831908697453,
    0.3007443510251033,
    0.24361162567459432,
    0.2127314679721375,
    0.2101266202184855,
    0.18334991394306643,
    0.18383285683436215,
    0.19313696104591094
  ],
  "val_pr_auc": [
    0.6946932937627169,
    0.7214667600979671,
    0.6958634913412662,
    0.7529052844270354,
    0.7598704040061801,
    0.6846330820148742,
    0.8016702793004962,
    0.8513545594470172,
    0.8565223334178199,
    0.8509406154647442,
    0.8248149917913965,
    0.7667949763286154
  ]
}